,id,username
1651148411,1651148411,niaaaaaaaah
1588658456,1588658456,iliatatarashvili
5739036587,5739036587,annaundmarta
576016092,576016092,annaimnadze
1732029942,1732029942,vartasashviliana
537643381,537643381,meaganmeetsworld
26273727208,26273727208,lezhavamedea
4788211244,4788211244,makholazariaofficial
2223019777,2223019777,photogiography
50467618349,50467618349,lasha.photographer
54318510440,54318510440,mariamsikinchalashvili9
2185143833,2185143833,lizzzaam_
3253248889,3253248889,khazhomia_g
3039891202,3039891202,gsakva
6350735699,6350735699,darkstar_1809
6137503576,6137503576,nino_makharoblishvili
4847478018,4847478018,egriselashvili.m
2978517053,2978517053,mareh_____
1367126895,1367126895,lowrider10465
1415396509,1415396509,nathan_kov
8444312033,8444312033,kifshidz
757230515,757230515,ninnoghashvili
1400659470,1400659470,mariam.archaia13
3180523035,3180523035,angie_psycho
1662108230,1662108230,julialiv09
50344427286,50344427286,dre1.3ehn
484701938,484701938,mmdddeeee
3628420933,3628420933,cherrrymoss
58062026668,58062026668,ibragimovi____
194432643,194432643,nini_mamaladze
213954099,213954099,varvara_v_avdyushko
10347945,10347945,_vasex
182407508,182407508,mariiiko_kortiashvili
4732152242,4732152242,iamwithoutthirdeye
504624899,504624899,just_elena1703
2909034152,2909034152,elene.kutateladzee
50092439022,50092439022,dimitriiakobashvili
61276348370,61276348370,n.j__mbphotos__
5136564572,5136564572,grigornyaaa
24501495247,24501495247,lizitolordava
30757270,30757270,arinaabbott
4732069418,4732069418,sphdvn
312305838,312305838,usachevatv
11205765418,11205765418,mrdampness
4110599406,4110599406,hairflames
2050981982,2050981982,annaakap
1742406924,1742406924,millikodea
30309547737,30309547737,irakli_ilkarii
38183579588,38183579588,wdywfm__9
651225235,651225235,kathryness
394939066,394939066,mjusxw
143561512,143561512,t.phocus
23160466240,23160466240,drusbaa
3145141780,3145141780,salome_kamladze
3174867918,3174867918,dmitrytulmentev
54120777372,54120777372,olyarkhipova
191716116,191716116,azhdarov
16596631,16596631,fedotova.po
44577963743,44577963743,swaggyymario
58618143472,58618143472,frnw.ph
2060188988,2060188988,ssshapito
50697580948,50697580948,iakokharazishvili_photography
1571238388,1571238388,elga_abashidze
325129721,325129721,mariamshekiladze_
8524860861,8524860861,esulikashvili
24377708608,24377708608,tornike_ramishvilii
1471161400,1471161400,suunfl
31141223158,31141223158,markmakharashvili2003
61160304079,61160304079,tereza_da_sxva_aravin
37330553,37330553,mariambudaghashvili
8298668493,8298668493,nitsasiradze_
8309739718,8309739718,shattttttttttttttttttttt
1578693655,1578693655,viktoriya_mot
7826439257,7826439257,haruu_dal
13699554131,13699554131,nutsa_bochormeli
22278598,22278598,balaklava_
1480658700,1480658700,anna__adamss
60670951218,60670951218,ph.oto.insight
3959553998,3959553998,tinnasark
25614291322,25614291322,gio_gulua_1990
50182393001,50182393001,anano_periashvili
1582874416,1582874416,kvasolya_piu_piu
9787025840,9787025840,run_forrest1
322609989,322609989,thekolir
7489410579,7489410579,evaburduli
2224028256,2224028256,sakura_shiro_
3022692207,3022692207,artist_alania
4386168328,4386168328,rusudanthebuilder
578771345,578771345,hell.__.en
46952542198,46952542198,_____anahata_____
610659644,610659644,_burn_down_
2194048764,2194048764,tisheismyname
43987615288,43987615288,natasolomnishvilii
44925466492,44925466492,_dzmana_
5550200854,5550200854,4imm_art
6903827432,6903827432,ninni.ashvetia
6226213643,6226213643,bakradzeguram
4034439838,4034439838,saba_tetradze
2404649774,2404649774,saintanka
1641450812,1641450812,mariam.kharebashvili
6829302706,6829302706,_stray.spirit_
731042650,731042650,giookhmaladze
6845523655,6845523655,ufookinmate
53936477670,53936477670,mezvkr
1352538115,1352538115,daddysarabella
60010830560,60010830560,zakaria_ichuaidze
3517011158,3517011158,ratiabb
31740891635,31740891635,chibura.shka
1481028107,1481028107,niniichirgadze
3622458843,3622458843,vikaasanidze
2098279984,2098279984,mariam_ghvaladze
178536429,178536429,buzuleevanya
61044530036,61044530036,f4bfilm
49107581871,49107581871,lenasebiskveradze
31281275590,31281275590,sofo.xachidze13
2946700605,2946700605,amaglobeli_m
1969032215,1969032215,salome_ardoteli
1814530430,1814530430,marishkun
1274841167,1274841167,alinakoshel_
1204786883,1204786883,shusk_
52680529035,52680529035,demetrashvili_tekko
9925411125,9925411125,giooninua
50372911888,50372911888,mia.kira_w
4870493082,4870493082,monreacrea
1514585612,1514585612,levanikaberishvili
59809985355,59809985355,_tatunaa_
1495126548,1495126548,redpandatone
54646049545,54646049545,ana_.ab
1466526767,1466526767,tzedelashvili
2343695059,2343695059,vakodarispanashvili
57397480876,57397480876,f1lub
6111225747,6111225747,_________salome
1040770661,1040770661,miam.m12
2057872829,2057872829,gvantsa.kozanashvili
1919440636,1919440636,sosobichinashvili
11838161345,11838161345,leamumladze
10700213619,10700213619,___c_a_n_d_y___m_a_n___
13789978322,13789978322,samdzimari
21309145370,21309145370,_e.l.e.n.e
212037399,212037399,teaaliy
49690407209,49690407209,kiranira_
1784477275,1784477275,gunmen_with_silencer
1507048589,1507048589,whoizzzudavid
2007001052,2007001052,weirdkidg
1612344876,1612344876,lerizivzivadze
3666107384,3666107384,lzvtg
42631648,42631648,ealshamsi
3611725882,3611725882,owl_of_fortune
2999161289,2999161289,sakindmaia
3220671669,3220671669,anchelozi
38327327350,38327327350,temooo0
31277989975,31277989975,kiki_film_photos
49144785488,49144785488,shopforsebastian
37239952215,37239952215,nikakhutulashvili
1479964606,1479964606,hyeon_.e
58709522786,58709522786,shenisayvarelimemeri_4
398107840,398107840,chaduneliteo
3174196418,3174196418,friyayjazz
4622899523,4622899523,sichobichorevisited
18478290,18478290,kepasaemilia
5482763653,5482763653,s411ome
4047157054,4047157054,cotamkvdari
3300669675,3300669675,meriemi_09
2577526108,2577526108,marry_lordkipanidze
1317370812,1317370812,anozaalishvili
1715028969,1715028969,malykh.kris
555195782,555195782,nini.qvaraia
1924183752,1924183752,nino.psy
1507416936,1507416936,echo_38
177166258,177166258,walkingpylons
1242791441,1242791441,__bettika__
1517762718,1517762718,nadara_aqaiq
4191211134,4191211134,dreameronce
59937897273,59937897273,alexsandrreee
197213325,197213325,verstecktt
47370416868,47370416868,tata_k_foto
1930503237,1930503237,buddharakta
2089208590,2089208590,kokhta1954
56377501482,56377501482,jmylh5607
59927186966,59927186966,magda__simonishvili
1490761839,1490761839,marienlij
1190052235,1190052235,iamninip
10660623834,10660623834,salome_bedoshvilli
59086318943,59086318943,badujgentti
341370542,341370542,main.placement
2253705621,2253705621,nucaggedevanishvili
51538057616,51538057616,basishvilidavid_
7303699011,7303699011,julia.radkova
4558430929,4558430929,mariemien
15753950533,15753950533,nutsa_ghelekva
5923810578,5923810578,_cainamolem_
4251383605,4251383605,sirmakhan
4501369947,4501369947,shikho_idk
705887263,705887263,strawberry_thief
1540799646,1540799646,tete.mm
2103538082,2103538082,rinatrohi
4521842586,4521842586,aleksandrasavinich
8376715125,8376715125,lelakoriauli
7748353376,7748353376,egriselashvili_nino
26243806928,26243806928,ellkhabazi
464043945,464043945,zzzanieria
12497680788,12497680788,moreislove__
1235125767,1235125767,ilona_gogia
27534038077,27534038077,ninijavakhishvili19
4149373064,4149373064,beso.kapanadze
1901426495,1901426495,novryscorpioo
551926783,551926783,gurammuradov
55250285627,55250285627,lelukasradze
11920664792,11920664792,monkey.__m
49618181765,49618181765,d3ll1nger
1451790235,1451790235,sako_blackman_
41225067043,41225067043,keeti_m
399122858,399122858,ellvenfairy
2367010940,2367010940,mariam_set
742438364,742438364,yulya_lyaa
3162067318,3162067318,ninikirv
2021796564,2021796564,nino.kikutadze
7791358321,7791358321,vldmrntsv
3095387060,3095387060,___overo___
402673754,402673754,mrs_mo.onlight
367081863,367081863,hey.detka
45044747975,45044747975,mysteriouss28
6437726761,6437726761,natali_pagava
6811358838,6811358838,catrasgf_
666005511,666005511,mariam_apakidze
4018689860,4018689860,tetvadzelizi
1046099470,1046099470,7verigo7
49102818499,49102818499,biondexo
4368842444,4368842444,katyskarf
1410511186,1410511186,lusternen
631138771,631138771,ditskh
57736239582,57736239582,liz_iikooo
58860463571,58860463571,__liz_zzy__
55999845485,55999845485,oh.trepetno
531061693,531061693,__soulmate___
2074938003,2074938003,milena_kokhanko
4252974302,4252974302,tsertsvadzenin
3995590912,3995590912,loguanuka
1004593745,1004593745,nnucapciauri
18614691,18614691,chdnv
1981374425,1981374425,_sa1ome_kachkachishvili
45392631271,45392631271,s.y.tonyb
1142482446,1142482446,mariamgogochishvili
44976055230,44976055230,lwrepaints
44106247334,44106247334,liziisjkdgjdjfk
1298834960,1298834960,be.galy
1469148802,1469148802,merlin_teach
8154135513,8154135513,henttaiprinccesss
2354787601,2354787601,tazi.bochorishvili
1955104436,1955104436,la_petite_tio
212682504,212682504,asiriunh
2244760884,2244760884,b4rb4r3_5v
1540153974,1540153974,sophynelle
49995234158,49995234158,versslavenir
7725730039,7725730039,mtamtaverse
8476904215,8476904215,kbilashvili_elene7
1442585654,1442585654,tamarshurghaia
36301869,36301869,graph.ivanov
833807517,833807517,iremavta
1478906782,1478906782,annakrin
5591773484,5591773484,shota_natidze
7013296283,7013296283,_e_len_e_
26321966,26321966,psy__it
7532103111,7532103111,gagu_mari
5777906229,5777906229,m_kkkhnnn7722017
10962007,10962007,electric_lady12
1962847047,1962847047,alya_abdrahmanova
1662788454,1662788454,mariee.qm
18128807825,18128807825,mbaloi_
3197004796,3197004796,tatia_okruashvili__
51485606631,51485606631,sofidamayvlis.jele
264826450,264826450,be_lovaa
9259826380,9259826380,echkhartishvili
5647522791,5647522791,mary_baghiauri
18757780,18757780,ruslankhalitov
54506664444,54506664444,sophialyana_
245297435,245297435,likamachutadze
6080857708,6080857708,tanyasergevnaa
3281935,3281935,raymondvdkaaij
12021658,12021658,ika_smallmoves
1432839807,1432839807,romanostrouhov
1641155154,1641155154,mawglu
489268265,489268265,_pluti
1364363378,1364363378,acidogz
48935890619,48935890619,keixo3
1400835849,1400835849,lanagogia_93
26471147102,26471147102,lamzi_ra
5599239086,5599239086,dash.ror
4308126762,4308126762,maghradze_elene
58434270954,58434270954,kkhud_d
2203936946,2203936946,beachlizz
58463513968,58463513968,con_stance3
1323561969,1323561969,averyevaa
3974255108,3974255108,natiatoo
4238785749,4238785749,salomelabadze95
6573365099,6573365099,_kvelashh_
58288050140,58288050140,_cosmic_171
5954609000,5954609000,iammarry18
46778349315,46778349315,anuka.talakvadze
45217576505,45217576505,______nasu
906384395,906384395,rhianonrings
3951516117,3951516117,ksendric
8399776279,8399776279,elenetchumburidze
1290250744,1290250744,tini.kbilashvili
6160971823,6160971823,lera_monkey
288963669,288963669,mashikyu
5491743221,5491743221,atukagaprindashvili
46685401387,46685401387,janjulia_an1
1582689504,1582689504,salomeinjgia
49899055592,49899055592,ninellie____
46750835934,46750835934,sesilimachavariani_
2052366026,2052366026,gvancakakachia
24404802424,24404802424,_barbie.o
289134079,289134079,mgogoladze
29669719036,29669719036,nattagogiashvili
21627887556,21627887556,_nin1_0
1444525206,1444525206,gividautashvili
8097594798,8097594798,chkhetiani_lika
14678573769,14678573769,nianemokilasonia
55525084607,55525084607,sandrikk.s
373620289,373620289,mariamkv1
1332542660,1332542660,rita_kostenko
30370033520,30370033520,ismall.t
2520418006,2520418006,fl0ooop_ruzka
1149199802,1149199802,nkobts
7634680433,7634680433,artemtaiupov
41008724308,41008724308,mariami.lrm
34366270598,34366270598,nekatsertsvadze_
2023455634,2023455634,nebbieridzemariam
8906276597,8906276597,banussaaaa
32823735596,32823735596,anano.kak
1330485765,1330485765,annaarabuli
55568154051,55568154051,nitaiashaghashvili
14516191373,14516191373,ninosaxva01
2307492714,2307492714,andro_kirimeli
58931494855,58931494855,trakshi_qva_
7217396795,7217396795,elenne.k
4619773603,4619773603,gvancaakhaladze
3825345155,3825345155,alex_eliosidze
6304694972,6304694972,suladzeenatiaa
3023248327,3023248327,theonewholovespugs
368499688,368499688,s.gegelashvili
517133065,517133065,tearamishvili
7232612275,7232612275,manukyana__
3993645974,3993645974,iwwwane
808354141,808354141,anaakhalaurri
49151397502,49151397502,syokakaysan
1549117596,1549117596,ninano_18
21421891114,21421891114,miagodziashvili
46119475175,46119475175,n_lasuria
1609625414,1609625414,anukakakhishvili
320556882,320556882,takonacvlishvili
3960795580,3960795580,mariam_japaridze_
3265550825,3265550825,elene.pantskhava
8290756789,8290756789,qeta_gvelukashvili
4174079110,4174079110,banovaniani
46014333941,46014333941,natalisebiskveradze25
27015307043,27015307043,siriusi_
5111477774,5111477774,ninikulashvill
48430375824,48430375824,abbsyxz
49516990621,49516990621,taakkkkoooo
314934883,314934883,imlyosha
49492960994,49492960994,anik.aaaaaaaaaaaa
8159903997,8159903997,anny16_ann
58293124922,58293124922,nahvamthis
1303130882,1303130882,alina_ismailovaa
378199918,378199918,ilooo_k
4024985995,4024985995,tinatinik_
57723748872,57723748872,mur_nadi_
50863256,50863256,ksulazypie
3279101498,3279101498,ellenne.g
1911880007,1911880007,mariamkibilovi
5562303330,5562303330,dra_jinasena
33168866925,33168866925,meri_pumpkins
8527988325,8527988325,daarinnddaaa
28324951882,28324951882,tasiaa4444
11850280795,11850280795,ninutsa_niinii
5581878798,5581878798,_ordures__
2538365787,2538365787,khatia.kakhidze
10725941371,10725941371,ketikanteladze
2253729451,2253729451,kutitalubitbandita
3442025474,3442025474,lilu_limin
185219244,185219244,kirill_edgardovich
477965539,477965539,kvvetachka
1088167564,1088167564,f4bby_
56297591384,56297591384,sisadmini
371015387,371015387,suddenpedia
713314485,713314485,a_nnie_xo
2334049286,2334049286,tordua.mari
597057799,597057799,mish.skr
58260264872,58260264872,reptilesofmagic
200717076,200717076,infrkt
1109815504,1109815504,ruslanpavluchenko
1649683242,1649683242,giorgi_chagelishvili
1551171511,1551171511,naa._.taa
1833643224,1833643224,akhaladze97
58256805941,58256805941,ananolabadze3
50936227548,50936227548,jappanol
5803859052,5803859052,guranda.benidze
761934499,761934499,teaturashvili
50483138407,50483138407,nink.chitiashvili
2030063983,2030063983,tata.kapanadze
56894311565,56894311565,_bekauri_sali_
4401322172,4401322172,valentina_maghlakelidze
303610384,303610384,ninokakhiani
3213029140,3213029140,2nanano2
3662634574,3662634574,ksselifanova
6066515927,6066515927,katyababini
970260212,970260212,togonidzenatia
2045670253,2045670253,amiraa_af
30989427735,30989427735,yahezea
332849787,332849787,palmira.70
1028011269,1028011269,kketuta
1704589542,1704589542,likka.z
4269600402,4269600402,nino.dolishvili
15210852,15210852,masha.ptichka
15515284,15515284,masterskey
45303650686,45303650686,tamazashvili_a
5703894463,5703894463,kris.vrnv
992940804,992940804,duremm
191271759,191271759,kvati
33067542429,33067542429,chio_rao
18978398,18978398,iro____
451955528,451955528,likul1a
229171060,229171060,mitya_savage
40939395962,40939395962,alex.eax
515801372,515801372,goga_tsankashvili
7175236175,7175236175,elizavetafilchenko
2263259759,2263259759,mihalev_vlad
888664985,888664985,ninuca.m
299025346,299025346,kleshots
1524785788,1524785788,kriskolov
5333543644,5333543644,georgian_bad_trip
1543852483,1543852483,liza__zhdan
537971798,537971798,matthewngn
56860683733,56860683733,lilyy.tomaradze
1145239245,1145239245,nestynes
10601772,10601772,nshashkova
476323035,476323035,bespechnayatattoo
47445681513,47445681513,an4nod1ed
246183389,246183389,satan_norm
1020470913,1020470913,vesnev
1198814440,1198814440,lo.ra.6
1734680714,1734680714,yamoc__
44766091817,44766091817,taso_asatiani
8101744665,8101744665,lizo___b
3657474762,3657474762,aleksandremargishvili
4405882426,4405882426,khardz__
1744631324,1744631324,nato__t
1396230346,1396230346,_aninozadze_
3010381091,3010381091,lali_gadelia
58335639020,58335639020,pink_sugar_babe
57718041991,57718041991,_.ni.n1._
34480795492,34480795492,khabe_777
47481054780,47481054780,nini.kirvalidzee
6429550224,6429550224,blossomboy12
1262105956,1262105956,verulava_rezi_ph
28851331070,28851331070,hashiuda
1792899769,1792899769,meowkshina
1605817043,1605817043,pogosiani14
52227093870,52227093870,sioux_prudence
50599582753,50599582753,lizzie24402
44287475991,44287475991,nannok___
33272375055,33272375055,crybaby_mn_
51144711937,51144711937,kupradze_nin
56411825941,56411825941,zelanastasia
33415352894,33415352894,anna_.abashidze
6608916971,6608916971,maghnaradze.lika
176172413,176172413,tami_morch
636233738,636233738,alexatokare
4807525199,4807525199,ana.mdivnishvili
996324188,996324188,mariemenabdishvili
32151520,32151520,ngranko
504367393,504367393,charkviianii
54493886,54493886,tw.darcy
1713399930,1713399930,eto_maria
324967461,324967461,juliakraynovaa
208078897,208078897,aquarriuss
50307031144,50307031144,windhovergyre
4181611071,4181611071,kakauridzem
1608652025,1608652025,a_le_nu_shka
8327438182,8327438182,__dur4k__
7127792583,7127792583,anaalugishvili
32430428413,32430428413,niklaskav
1688697731,1688697731,rome27marevu
6719921383,6719921383,giorgi.glonti02
3666408022,3666408022,arata_mor
7338466812,7338466812,qeti_qetsona
1184754558,1184754558,kristen_jag
1269181299,1269181299,___teekklaa___
593519631,593519631,lzshfr
50723036899,50723036899,grrratos_photography
296096393,296096393,sandro_darakhvelidze
1568194409,1568194409,ellz7l
2019626717,2019626717,eepkhoshvili
14953311649,14953311649,tatia_burduli
5806930618,5806930618,_net_lenka_
297023300,297023300,znaxart
4796893617,4796893617,_targo_m
1649688990,1649688990,mars_551
48811471728,48811471728,chrelashvilimukako
4519980633,4519980633,miakvirikashvili
791477680,791477680,kiladzemariamii
30519578236,30519578236,honnkol_l
12642082589,12642082589,marymolodina
1630305317,1630305317,begoodisaname
4077478830,4077478830,alois_bh
4047409770,4047409770,hello_im_salah
1557505065,1557505065,magg1em_
56500012558,56500012558,ziapiagia
3190172762,3190172762,anna__iremadze
231586659,231586659,rackaev
526663564,526663564,dequa_
1406857634,1406857634,marysemibratova
1207281054,1207281054,dmitriykreyk
24864130514,24864130514,llkovaleva
2224290374,2224290374,lynnnrv
1618387740,1618387740,beqa.tavartkiladze
1162065506,1162065506,goglikage
1684114614,1684114614,tsiklaurilina
21777371004,21777371004,mariamkartvelishvil1
525621838,525621838,s.khakhol
13365505554,13365505554,lovi.mig
5383590199,5383590199,sara_abramovn
2157529583,2157529583,stassiu
867174532,867174532,anoimnadze
18824277720,18824277720,junkypalms
4818961391,4818961391,mmariiiam
18582301079,18582301079,miss_margaret.k
52454387499,52454387499,sniko.mi
5638259432,5638259432,rowmay_
6753575111,6753575111,m.fxaladze
42157914562,42157914562,risemydreams
24423506372,24423506372,brows.malina
55620208964,55620208964,anri_ph_fm
8060096966,8060096966,temo_gujabidze
12370699352,12370699352,queen_nina______
48961283879,48961283879,lizzie__makeupart
3544801535,3544801535,cvancakh
6424849376,6424849376,lashakontselidze
485507145,485507145,khatiagelashvili
203398846,203398846,vesya_
51254989268,51254989268,sasha__kucherova
50673110,50673110,bulat.yagudin
3264237676,3264237676,lanagumba
3318975691,3318975691,luigidefranco
56525941476,56525941476,nikonleica.dealer
4775548467,4775548467,highninjas
236701385,236701385,marekhi_kezua
3014496990,3014496990,libitinatin
49269317280,49269317280,kunjutnie_holmy
234041282,234041282,grechka_rock
2137024084,2137024084,oo00ooo000ooo000
10329191172,10329191172,natallia_min
17697330,17697330,echolalialia
40951326490,40951326490,elenikooo_0
414686651,414686651,mac_georgia
445288449,445288449,dimgafat
2366961802,2366961802,art__ifficial
8659513838,8659513838,annagrudochko
13381366005,13381366005,mariuuus_03
4211687175,4211687175,so_fa_t
57133071141,57133071141,skhivi_camera_straps
326181227,326181227,andrey_savlyuk
461225552,461225552,lasha__evgenidze
334630063,334630063,mkalatozishvil
327761325,327761325,hzusalabs
3666125399,3666125399,metrevelib_
21921035090,21921035090,invers1onii
4098904575,4098904575,deathcoregrimmy
55351500990,55351500990,itsme_ananoo
25354562180,25354562180,nika_nakashidze_9
7287032050,7287032050,_sio_sio
10215835647,10215835647,lika.meladze1
595163982,595163982,lemonleks
2245501161,2245501161,free_fall____
1741904116,1741904116,izaachaduneli
10717763914,10717763914,mygrimmbrothers
2513616308,2513616308,ani_tchikadze
27026798996,27026798996,ilia_revazishvili
699067367,699067367,mbhusty
3276448723,3276448723,aninadirashvilii
34266731312,34266731312,_tamtaategetashvili_
1973342784,1973342784,_salomeinashvili
10091908279,10091908279,shlyakhova_al
387941192,387941192,ogolevs
57748715833,57748715833,sofio_photography
4210977996,4210977996,mariataliashvili
25545538580,25545538580,sofiki71
800248685,800248685,axlde
30059289411,30059289411,avto.katsitadze
286334730,286334730,ukhmyl
31150396651,31150396651,shotakevanashvili9
252530846,252530846,zviadzalikiani
5586112795,5586112795,katsiashvilik
58161149480,58161149480,iammilkypig
7325036639,7325036639,kenkebashvilimari
17934954815,17934954815,la_nna019
344529873,344529873,pultianigveli
19749781,19749781,margiani
269436406,269436406,dooonda
58263148297,58263148297,faded____memory
2201202371,2201202371,davit.imerlishvili
57222008584,57222008584,xabibatik
21299057724,21299057724,ssisechkaa
1362488669,1362488669,_anitvaradze
7963092121,7963092121,anoushka.sun.malazonia
3032999454,3032999454,khajehsaeidi
641615984,641615984,tiko_dvalishvili_
3621902846,3621902846,__marshall___lee__
58609247333,58609247333,jessiecheel
5355688787,5355688787,senseidoggy_777
336084968,336084968,slafedlapin
2358931472,2358931472,salomemsakhuradze
54382199110,54382199110,_happyken
7105619606,7105619606,ionov.pro
3004956926,3004956926,levankumsishvi
8444699557,8444699557,kate_makhmudov
17121701545,17121701545,ra_ymond7984
3313127252,3313127252,_inachis_io
4725459020,4725459020,shvelidze.mari
5431174966,5431174966,sophioikoshvili
329616805,329616805,topo_ph
8299631623,8299631623,mosaics_by_davydov
4342109091,4342109091,citizzenn
2567923516,2567923516,ramaz_getiashvili
8896886614,8896886614,steppenwolfaran
1272232636,1272232636,gioadamashvili
6115289312,6115289312,georgeboochko
7701925504,7701925504,tanya___kovtun
1298021468,1298021468,ne_twar
1783018008,1783018008,tamar.gochashvili
264475955,264475955,_sweeddy
49242813311,49242813311,nika.kola.gelenidze_
886638057,886638057,whlbwn
56669475167,56669475167,_mamfoo_
51968969841,51968969841,metreveli_14
957705543,957705543,niniko_koko
51076856189,51076856189,chxitunidze_m
26447908443,26447908443,dima.mudima
378338547,378338547,la_libertine_
3023211257,3023211257,kshusya
37386820,37386820,durmanov
5810578631,5810578631,teklalomidzee
307780743,307780743,ayubmailov
1431516548,1431516548,fridaqalo
498120,498120,art.balayan
341525818,341525818,babikacharava
15002625955,15002625955,anya101821
3226099398,3226099398,aerenfiener
31148143657,31148143657,tbilisibuyersclub
2243580352,2243580352,_vasilev__
2036197977,2036197977,mariam.beradzee
425655308,425655308,svanadzenn
294420122,294420122,di_rocky
51645913378,51645913378,stas.krasouski
375517263,375517263,nanukakutibashvili
1489913949,1489913949,maxoidnoevi
44717911,44717911,r144yh
55557485734,55557485734,zafiksiruisvoevnimanieprigun
295702123,295702123,sovestakima
45874159946,45874159946,_basa_ria_
196753827,196753827,martirosyan1991
7051789430,7051789430,schamlose_schwein
53387113272,53387113272,chagalizeindira
1494706975,1494706975,tiko_cxvedadze
8287952829,8287952829,mari._.adamia
38068656097,38068656097,m.sukhashvil1
615528359,615528359,runnwg
7818635201,7818635201,shvangiradz
50986717835,50986717835,t.babilodze
920482962,920482962,maripolii
1229021841,1229021841,cecily.b
304319076,304319076,ari.gorr
1409022318,1409022318,lolitaqapianidze
53537237637,53537237637,corviales
54075635743,54075635743,mishenebebi.fm
321298281,321298281,shrmt_
55736756984,55736756984,the.odd.frame
439663605,439663605,mmikhho
753077460,753077460,kittyfishhare
1826193026,1826193026,benzopilaa
6022345708,6022345708,giorgi.mikautadzee
950742177,950742177,mariasssssssssssssssssssssss
2540655817,2540655817,mariamkobalia28
1483193594,1483193594,gabuniagvanca
5985003313,5985003313,ay_larionov
4171545735,4171545735,timmedvedevaudio
15843879015,15843879015,n1nuka
4546017251,4546017251,pravsha.art
8032440900,8032440900,jokhadze_mariam_
241894519,241894519,menyazovuttolik
29481898,29481898,oparch
5622215143,5622215143,rewindknob
1395844856,1395844856,ana_maria.chubinidze
1483023332,1483023332,jazz_vera_
1793425489,1793425489,mekkachima
37078597245,37078597245,sieslera
1291170393,1291170393,metrevelisalome
11764396329,11764396329,yourwhoretekla
1630105053,1630105053,maluk__
4012431251,4012431251,anabasiladzee
1332209201,1332209201,tornikeaivazishvili
4677371748,4677371748,salome.ted
55637186355,55637186355,tamaraserova2022
1541458192,1541458192,agladzegeorge
446134909,446134909,ultra_ulya
2190597004,2190597004,nica_didbera
40873553020,40873553020,ketokukuladze_
2430599567,2430599567,alexfilippovna
4169892752,4169892752,lizzmaridashvili
251118670,251118670,magiquemarta
45575279823,45575279823,dunaylive
52493081,52493081,lavrik_mi
146087027,146087027,natarooms
45639408589,45639408589,tmnvkhdtzdm
21859155724,21859155724,eliah.tvildiani
1594644855,1594644855,artsergeititov
53631419559,53631419559,stibium.studio
46442690585,46442690585,aengtag
627469624,627469624,miyoff
4830310365,4830310365,mariamdzi
3138262404,3138262404,akim.kaliberda
8158629228,8158629228,katherine.kakhidze
187327184,187327184,monkeyslut111
13051053008,13051053008,anio_gulordava
26419452571,26419452571,khutsaidze17
889391034,889391034,magatajaparidze
194764750,194764750,moroznaya
1826336379,1826336379,sophieihpos_
33454900,33454900,foochsine
8310434808,8310434808,bohdanov.a
10146791072,10146791072,mmaripossaa
46946617458,46946617458,mariam_gorgaslidze
31290988261,31290988261,kokhodze_
12271918405,12271918405,lanaguluaa
228967282,228967282,iisferigenezisi
41953682507,41953682507,mamuka.kenchiashvili
8633020734,8633020734,mariammjanashia
230895267,230895267,human.alex21
6493823386,6493823386,paulwalery
11924416570,11924416570,ray_vshalashe
287884627,287884627,lika_zelenina
589488178,589488178,gev.marie
233095174,233095174,dp.shots
6684745447,6684745447,guka.abdaladze
245118624,245118624,anastasia_barst
54592913110,54592913110,adead_body_
53602340657,53602340657,beridzedachi08
10195176,10195176,kutyma
7505417282,7505417282,shoppingaccnt_____
27942789434,27942789434,newjorg_city
192195900,192195900,lozhkin_pa
2318250517,2318250517,erekle_maminashvili
241482574,241482574,aeralieva
1294225800,1294225800,_m_salama
309800616,309800616,k_vanished
1555076478,1555076478,sano_morgun
55149000,55149000,vledov
46295877528,46295877528,vusal_photographer__
611417403,611417403,abyogi_alaf
9003878257,9003878257,neli_qochorashvili
37551536313,37551536313,springbok___
57124719401,57124719401,cozzzzzzzzzzzy
7797772069,7797772069,jeevan_soudri
306852850,306852850,daryasabooniha
50266730305,50266730305,katherine_23v
4081105745,4081105745,sasasats
22577295389,22577295389,nothingspecialni
50711392988,50711392988,fotograisferi_ele
9674277165,9674277165,rezo.joglidze
7903618688,7903618688,kupreishvili_nino
7116758895,7116758895,kremenskoy_isbjorn
40451611283,40451611283,sesilibezhanidze
2653391458,2653391458,giio.dvalishvili
52134593066,52134593066,salomes_photography
8074352,8074352,petroff_a
3094680776,3094680776,villaintretenmerth
1020580270,1020580270,eugeniaberezina
1690373081,1690373081,gabitashvilimariam
53614628991,53614628991,ninomayart
701114501,701114501,nini_sabauri
46395816678,46395816678,rubans_art
1497328902,1497328902,jibladzenino
56599608189,56599608189,gvelis_wiwila
41952857921,41952857921,sadbytess
1011232095,1011232095,george_gobadze
55858988223,55858988223,gvanckukushka
613484869,613484869,stasya_sher
5628409547,5628409547,aemved
1330350320,1330350320,diana17_sh
1626312985,1626312985,_h_e_b_e
3215986842,3215986842,gogsfolio
512884179,512884179,deryfe
8731137936,8731137936,wahbazovemrah
7828216597,7828216597,mari_tsertsvadze__
6379703044,6379703044,hottestseal__
4120561909,4120561909,maaritediashvili__
29493023,29493023,_teklaa
3213051285,3213051285,lukussha
57467528572,57467528572,future_delivery
1226369119,1226369119,zukagurielidze
656041769,656041769,gega.ugulava
1352696307,1352696307,megi_dzirkvadze
11413102603,11413102603,lolita.aee
53789283241,53789283241,lelushkas_sweet_pie
5438674045,5438674045,gigijokhadze1
47236748,47236748,sally__che
1096213361,1096213361,tosstia
54168083986,54168083986,fuungiland
46960696534,46960696534,gvabca
1412448775,1412448775,armaz.beridze
1694352547,1694352547,tsertsvadzem__
1818037053,1818037053,aprilmemoirs
4713556279,4713556279,taiajugheli
5365679144,5365679144,lilfriki_
23118151398,23118151398,lizi.kobakhidze
3560127607,3560127607,marinka_kravt
10279815,10279815,mokeria
1307794723,1307794723,kate_gelashvili
6060340650,6060340650,chkhapeliagio
6794727904,6794727904,duchuna___
5663983254,5663983254,stargirlsshop
23229559494,23229559494,sashkuz_art
288099995,288099995,nutsabb
55846833891,55846833891,egor2high
3449287211,3449287211,margos_degrados
489344624,489344624,cristian_mila_22
1361031713,1361031713,brokenvoodoodoll
1759378509,1759378509,itsmakine
1584655749,1584655749,kiselekkkk
2166082263,2166082263,tamunafircxoo
4519355995,4519355995,_christenfox
269067175,269067175,humb1t
6738214934,6738214934,sally_mchedli
4002362,4002362,notorious_tatarius
50986524926,50986524926,anntbgr
433949909,433949909,hedonistwinemaker
2131626690,2131626690,irakli_arabuli
1423941098,1423941098,giga_baindurashvili
2062840177,2062840177,kettoxic
1738370973,1738370973,ntatishvili
388024373,388024373,romachu23
245160072,245160072,davitiany
332883699,332883699,anmiy_22
3462236377,3462236377,allllllinnnna
13855910131,13855910131,nucikosuqiashvili
40335735935,40335735935,gvantsasali
54513851455,54513851455,_ttatz
835190143,835190143,katechibulya
49717025025,49717025025,edwin_atcher_lebeau
1398913393,1398913393,gorgadzemanana
50141707332,50141707332,_.dykttatuob_
11588712455,11588712455,th4t0bsessedmf
7006323602,7006323602,realllbeauty
55004792661,55004792661,jajanahvili
56647646431,56647646431,untitledunmasstered
192143569,192143569,murmurzenko
1410538513,1410538513,nutsa_chubinidze
1639623505,1639623505,niniapepela
57613901296,57613901296,alabalalallalalaa
40985613309,40985613309,theycallmebasaria
1387905874,1387905874,t.sosanashvili
1903283003,1903283003,natiasamadashvili_
3958286042,3958286042,mer0o8o
1342602445,1342602445,ninotatvidze
27661465109,27661465109,maro.levidzee
866264487,866264487,neliko13
44418998769,44418998769,_takoo.05
7423147255,7423147255,chikovanni.n
3990906395,3990906395,tat_gogia
2287531137,2287531137,elizabeth.kldiashvili
272738438,272738438,efrossiniya
48328694621,48328694621,sofobofo
340194619,340194619,tatuahh
456549343,456549343,marikhazo
4914732647,4914732647,mzhavanadzelizi
5714255984,5714255984,tako.khurtsilava_
220319166,220319166,ananokit
488370039,488370039,chanmisha
18097878175,18097878175,strawberriefields._
50806598506,50806598506,ninnniaaaaa
5815096632,5815096632,_arazmadze
50318092324,50318092324,salome_klimiashvili
276820739,276820739,lina_batsiashvili
297593213,297593213,gvantsagvaberidze
18879915437,18879915437,liza.mosidze
2961004616,2961004616,elleonoreee
15391670683,15391670683,_kessarria
5839316873,5839316873,olegimideev
51652773,51652773,tatakariauli
27935628,27935628,lerenard66
5536547221,5536547221,qeti.abash
4976101457,4976101457,mariam_dotiashvili_
5383743765,5383743765,ninimakhniashvili
29829820,29829820,maksimkupper
401027065,401027065,ukropova_akopova
357055000,357055000,vazzhhiikkkoouu
4117141983,4117141983,darja_rady
2116733324,2116733324,maidesyan
10142349601,10142349601,tinn__s
10023695476,10023695476,lela_lezhava
2762835690,2762835690,annuna24
3520558576,3520558576,ekorusia
7285888104,7285888104,kettizh
1446893466,1446893466,shansiiiaaa
11654678153,11654678153,aphkhahahaha
2102251809,2102251809,wiiklaurii_anano
475312372,475312372,megan_dsouza27
1464330383,1464330383,keeettos
1290253256,1290253256,megi_chubinidze
635753697,635753697,qetelmo
570744544,570744544,andrei.gusakousky
47737998206,47737998206,niniko_saluqvadze__
1905284969,1905284969,______mariaam______
2200375653,2200375653,tamovadatchkoria
1089455701,1089455701,amiranashvili.n
11850982540,11850982540,tusyaneznaet
1546910643,1546910643,katakajaia
5745850789,5745850789,ketiphaliani
30185734109,30185734109,lizi._.lizi000
1383706213,1383706213,allyourimagination
38785739794,38785739794,alehd.x
9193899703,9193899703,carpe.diem.cras_
509096829,509096829,pinkstick
751695781,751695781,lizaanasashvili
624584335,624584335,confessssa
7508751264,7508751264,mariko_jinjo
1519449022,1519449022,lizastetsko
926970356,926970356,dasha_usi
1538814116,1538814116,o_polline
793342520,793342520,vkajeli
3510549379,3510549379,anano1426
1574427989,1574427989,salitchelidze
705514336,705514336,annaokriashvilii
5948729593,5948729593,sandra.hawke
2129900427,2129900427,likasarajishvili
323225140,323225140,tankruchk
2008212652,2008212652,na_itan
50116832108,50116832108,fliichuk
1089543005,1089543005,27xllla
271231596,271231596,suri.keen
471075723,471075723,maka.bb
1570698183,1570698183,lilzayme_
1444035841,1444035841,khidashelii
353887165,353887165,dariaez
25025221,25025221,capablancas
534029544,534029544,khat_khatoo
2121949763,2121949763,mashastx
7093784065,7093784065,anii_giguashvili
184187491,184187491,backwoodsman
179042287,179042287,miellien
309252164,309252164,khursevich
5641873824,5641873824,ani.charkviani
308802034,308802034,ninikobojgua
27298970117,27298970117,davit_bekauri___
5843639871,5843639871,kettovan
5626730920,5626730920,denisgolovey
4945060620,4945060620,kanyeslav
653670995,653670995,anano_j
56682161846,56682161846,__lutidze.lika
910402557,910402557,kateanton
14889375017,14889375017,ilushkka_
4172413800,4172413800,mariameskhishvili
301598717,301598717,katepallm
1228731330,1228731330,0anemone
44011563074,44011563074,sissi_burduli
30454265,30454265,nestan_abd
9016941270,9016941270,tatuli_elkanishvili
300515627,300515627,ntn_khvnsk
7093475691,7093475691,zdrnvsk
34134652566,34134652566,wazothecool
4153599179,4153599179,natalya_toos
20393377,20393377,katia.reitman
39198886217,39198886217,mshvidobadze___
2035393228,2035393228,anilatias
54092433035,54092433035,batatooo_
3087305249,3087305249,ninia_munia
40907134738,40907134738,jl8rd_
39615523014,39615523014,_just_qoba_
3260005262,3260005262,ninom.3d
1080537219,1080537219,rudolfbl4
40958265,40958265,black_cat74
1414772977,1414772977,otek.31
1483356077,1483356077,iwantmyjazzbar
44106984406,44106984406,bulbigoo
32938807464,32938807464,levaniqou
3564556977,3564556977,giorgi_turdziladze
16011473130,16011473130,__envisioned__
1292474994,1292474994,irinayarr
3033943497,3033943497,qetaboomboom
34908021870,34908021870,zukaa_yifoo
1467771871,1467771871,akakobi
1984621217,1984621217,shunruoduo
57001413432,57001413432,davitabza
6194197720,6194197720,alexanderrazgonyaev
1159308839,1159308839,kats_mint
13314969,13314969,thereisnomeaning
293244054,293244054,you_make_me_mad
9020740467,9020740467,ankara.khu
2209547517,2209547517,zurapirosmanashvili7
44812056959,44812056959,miiiiyvarxar
7481972685,7481972685,shanidzegio
262880303,262880303,imitelis.frasi
50142618675,50142618675,evmolodtsov
9054869566,9054869566,saliruadze
192919524,192919524,krasmikes
1412415162,1412415162,marghana_1
2253409062,2253409062,ko1o.v
42877972327,42877972327,mikaoganezov
3239791057,3239791057,mariamkhokrishvili
3408639945,3408639945,thisispavelgubko
48660937987,48660937987,yako_67
7699735719,7699735719,m_raqva
7290397410,7290397410,kvara12
56738590385,56738590385,mankawoo
15199851653,15199851653,gela_gachechiladze
49618201264,49618201264,vasilii_dlmtv
45894392418,45894392418,salomesardjveladze
5338948718,5338948718,giorgiilomidze
5689531048,5689531048,nikigavasheli
3439677947,3439677947,konturi
22688039,22688039,tinatinn
28342073523,28342073523,girlwholoves_strawberry
14342337,14342337,mashadavidova
29414204172,29414204172,valokkuvauss
51507071597,51507071597,locaspidermonkey
26766421929,26766421929,_doratic_
3583611171,3583611171,ievlev.sergei
556784706,556784706,gvancal
404988036,404988036,maximkaisakov
1695158314,1695158314,romanbaggins
6045837683,6045837683,design.m2
57669477943,57669477943,nodus_tollens5
7882472869,7882472869,fotolarek
637577672,637577672,nicoleguniya_
5378078844,5378078844,mommymilkers154
5833696580,5833696580,aij_films
1213054959,1213054959,theskrawny
20820080733,20820080733,alisa.krasovitskaya.psy
293850217,293850217,iivaaavi
41254776577,41254776577,kristianka.k
6823405563,6823405563,3e3illi
1552986249,1552986249,your.nami
4155760152,4155760152,mariamkochladze1
5626768903,5626768903,milenium_404
6981390065,6981390065,halal_gvantsal
5392453879,5392453879,earilna
2179113404,2179113404,annamekhradze
264801512,264801512,anyta_zhirik
44838184347,44838184347,unforgiven__xd
25273992898,25273992898,norakorre
1825234718,1825234718,kitsusal
30890644,30890644,drozang
1629721963,1629721963,greim.exe
273050279,273050279,mosaics_frank
8973086088,8973086088,ninaizashvili
3970492642,3970492642,_____ninni
49543161293,49543161293,tamari.glonti
200632815,200632815,_whereismyunicorn_
10745195625,10745195625,hookygame
306242519,306242519,_lilly_was_here
1707445304,1707445304,anna_ionycheva
4032451091,4032451091,mariam.gechu
336893603,336893603,lizigodziashvili
26094536445,26094536445,alenprk01
1971782437,1971782437,oneetua
4307953389,4307953389,s.nadashvili
719393314,719393314,kislot.a
3155297892,3155297892,sakvarelidem
205541999,205541999,vshivtsevamaria
7645062127,7645062127,liza.sharikadze
250120810,250120810,volkova_styu
4773054891,4773054891,yes.herman
56748209681,56748209681,__d_ivy__
3489957039,3489957039,piotrosiotr
187532760,187532760,iren_uturgauri
247195655,247195655,kstepukova
4005993439,4005993439,nikasaaap
36828047563,36828047563,kemularia_levani
10918026914,10918026914,_ntmrg_
26813167,26813167,sashakretsan
573289660,573289660,luka.kaladze1
301257102,301257102,lauraaluu
1491547212,1491547212,natusiberidze
18397955596,18397955596,nika._______13
253423384,253423384,discofishgames
855663734,855663734,nikoladzeeka
1977731351,1977731351,nutsarukhadze
8000048315,8000048315,getiashvililizi
50980388100,50980388100,alcoholycs
1700280655,1700280655,gachechiladzeirakli
2085493163,2085493163,alexanderkamod
1620842860,1620842860,ninishamikadze
7383393520,7383393520,ava___mari
2130999433,2130999433,sonjatyt
244647632,244647632,welcome__again
268842739,268842739,zweryanov
4025066988,4025066988,_ktokareva
25862925374,25862925374,shoshitashvili_teo
3677206596,3677206596,rmnchrkv
7960198615,7960198615,dubforest
7887505267,7887505267,masho_bogveradze
5658093800,5658093800,anastasiakaluhina
1262003883,1262003883,morgan3414
198346967,198346967,abigaelbati
638438045,638438045,ralphkhoury99
31975493,31975493,valen_msk
262934922,262934922,blame_iceland
48367564762,48367564762,yourluvtatia.__
1632921671,1632921671,yukosoy
9752712877,9752712877,filkova.films
39396894792,39396894792,andreileganov
219023067,219023067,supersurferr
55822114832,55822114832,newlife.ink
3432045921,3432045921,georgeberdz
3013657053,3013657053,chanqseliani_luka
56781547642,56781547642,johnpaullasarus
2053418836,2053418836,terenekobatu
7325839547,7325839547,_tommykku_
5476378142,5476378142,nikitinin
1467906368,1467906368,barbbareb
5542427199,5542427199,bezvukhova_photo
651473716,651473716,jjan_d
227019869,227019869,sanmac1989
3406705415,3406705415,ketokhizan
52584117848,52584117848,please.bequiet_
6647795730,6647795730,tedo_06
862087966,862087966,mariiam.tb
6859698569,6859698569,sandrokapan
1553339523,1553339523,mamulashvili.tatia
7629999235,7629999235,_sabazakareishvili_
642644273,642644273,millerenium
1686101588,1686101588,plushevsckayasasha
3187525088,3187525088,irinasergeevnapetrishcheva
1960932265,1960932265,sandro_berishvili
7458414490,7458414490,ni.kls
44309124384,44309124384,megikobiashvili21
429248850,429248850,vsh.5
1010171847,1010171847,george.hanzhurau
26719022,26719022,kitchulya
1382081735,1382081735,lejonjakt
2276179448,2276179448,elizabeth_chkheidze
3434008295,3434008295,machavarianitamar
1787742342,1787742342,archive_loess
8060040352,8060040352,aniikacharava
1934924454,1934924454,nanatt____
10766414,10766414,mneby_vina
1447051672,1447051672,mariiam.papidze
3014351956,3014351956,chikadzeani
1292792061,1292792061,trashmanilya
8729208343,8729208343,bekauri23
1635044171,1635044171,qetoneedssleep
1413755918,1413755918,kikvidzze
28860731055,28860731055,kote.iagorashvili
2035668879,2035668879,bel_zhe
47174698761,47174698761,ta3iko
1298732082,1298732082,iraklibendukidze
514701203,514701203,mariamzandukeli
1411480635,1411480635,kovar1_d
6139020067,6139020067,giorgi_kavelashvili_
425450176,425450176,sophieakh
2271560731,2271560731,saltkhutsishvilig
19850589287,19850589287,marri1ami
47566895057,47566895057,analogue_owlcat
2213563626,2213563626,kayakilmer
30733465,30733465,keinbockaufparty
4916746852,4916746852,mnaumnaum
1629307833,1629307833,tamta.__
374058757,374058757,ani_imnadze
1499949115,1499949115,nata_rbbt
1337299185,1337299185,gegenava_tamta
1741178924,1741178924,ssaatashvili
32169936,32169936,zhushman
1931115725,1931115725,usteshenie
826552949,826552949,sabajag
48654343006,48654343006,vivienigoletiani
416764010,416764010,baronantonov
4051269994,4051269994,tvalozepami
7298743685,7298743685,avsobolevski
539764056,539764056,stala_cosmosom
2222028947,2222028947,m.sharikadze
45959934982,45959934982,theeunexpectedperson
10904388750,10904388750,egor.slizyak
2371060052,2371060052,vdk_milovar
560086606,560086606,ikatabatadze
4625976721,4625976721,shlasashaposhosse
3825714655,3825714655,aniortannezashvili
687369741,687369741,ekamtavrishvili
196344660,196344660,anukaben
1620734854,1620734854,tonya_otterton
3453785362,3453785362,sprtnina
5747912696,5747912696,spacejunk____
191460488,191460488,kamil.zip
11311832107,11311832107,barbaregogilashvili
2224021188,2224021188,kauranggg
3024330052,3024330052,etozhedianaa
26106707442,26106707442,teo_bodokia
263891769,263891769,viktoria_alyautdinova
1644553179,1644553179,ina_nersesian
4076807163,4076807163,velwellvel
2403081999,2403081999,polina.bagira
1356056367,1356056367,corpsegar
483297603,483297603,akchurinalala
760872802,760872802,_cringeline_
262274508,262274508,skabass
500872016,500872016,miisiku
1511060829,1511060829,ketaazhorniak
1644593802,1644593802,pepushaandreevna
892658496,892658496,mineinsomnia
615750109,615750109,interrobong
2216195672,2216195672,capitan_eagle
317056450,317056450,tadakil_tady
3268332886,3268332886,gushmena
1711172801,1711172801,tairynn
46879408283,46879408283,justzuriko
48310702404,48310702404,liaiako
38513358101,38513358101,dikhtrikh
13070798411,13070798411,mari_bolqvaze
51701899390,51701899390,gardenerium_
13282773295,13282773295,liza__betty
2202015291,2202015291,mitrosh_tatiana_ge
6670882280,6670882280,liziin_
1000045026,1000045026,takotabidzee
12024750292,12024750292,menabdde
45728393795,45728393795,_butillfly_
7418889482,7418889482,q_sakandelidze
5392324028,5392324028,annajgarkava
3556227711,3556227711,gimayev
1286921285,1286921285,nuta_nino
8480910869,8480910869,fedya.polyakov_
39431885819,39431885819,gvenett_
27174097996,27174097996,zazamtro
461055923,461055923,levan_buadze
56532543941,56532543941,dariabuidze
5778584477,5778584477,chompignomm
508738924,508738924,kik_mariam
4337832599,4337832599,sandroukleba__
1729683231,1729683231,vwwvvv
7178361064,7178361064,_metroboom
46566143532,46566143532,alina.khilko.ph
3512624785,3512624785,mariamlagazashvili
5357174151,5357174151,barbare_pointofview
3172822484,3172822484,divanozawr
11592347081,11592347081,anika_anny_
49393458042,49393458042,mkbr_desecrator
8439215795,8439215795,lela_aqiashvili
4956606304,4956606304,__.ketika.__
3959083004,3959083004,thekirlon
3421096368,3421096368,katerinashirochina
54344941336,54344941336,bawuwiia
267517580,267517580,sashakonsta
49283451788,49283451788,marthakhvingia_00
539774326,539774326,temsipatrin
3416239506,3416239506,tamoi_
33614317,33614317,janerampage
549399257,549399257,niniko_memarno
586249508,586249508,marjazme
8659893529,8659893529,ninii.jpg
50847802520,50847802520,72whatlockk
786795246,786795246,mishawyz
327041827,327041827,ninnikurashvili
1561840379,1561840379,kolin_holfild
1441184058,1441184058,nanukyo
241008526,241008526,vladimirus_
2273544692,2273544692,davidtugushii
233463597,233463597,katinachki
34245825354,34245825354,m.mila1505
1584549768,1584549768,gogeliatsiako
1645754766,1645754766,niasulaa
3271172178,3271172178,marjerry_
48337647,48337647,salys.diary
1466687022,1466687022,alexchachava
824636610,824636610,experimental_uma
7020949726,7020949726,akhalaializi
55231161896,55231161896,me_movigone
272690016,272690016,iramarkinas
251223902,251223902,spaceteam
3224272120,3224272120,xatiaarabidze
3308177929,3308177929,k.annyee
47683801469,47683801469,julie.kot__
5408495258,5408495258,saloandguladze
2255160082,2255160082,e_li_az
259351318,259351318,tamotiflis
45938356,45938356,iamnormes
2966919474,2966919474,zmakhar
2316643685,2316643685,chernovoy_variant
220954891,220954891,grgrnkoo
47683926611,47683926611,_teklacicishvili_
332509266,332509266,neforia
895051688,895051688,_ketevannne_
220127055,220127055,anukela_anna
8232584657,8232584657,fremd.scham.en
2931963553,2931963553,sagittarriuss
1905730688,1905730688,sarome_k
27776641684,27776641684,alexeychirukhin
2977156925,2977156925,osu.ero
2626227328,2626227328,halfalivewhitecrow
872108386,872108386,chdusssia
1416722152,1416722152,aniikurtsikidze
517446913,517446913,exstnc
8686434387,8686434387,anichumbb
284577449,284577449,tatachitt
31933893023,31933893023,muskhazhiev
3213120593,3213120593,kakabadze_dea
6314090013,6314090013,enmaisss
5545442699,5545442699,summerrnight
3159026456,3159026456,katamadze_lika____
55659288001,55659288001,myvinyltbilisi_
1233555014,1233555014,obraz_oblaka
1327993975,1327993975,lu____ul
176092005,176092005,wave_breaker
4031994259,4031994259,anie.iak
5470302544,5470302544,itsslinnda
1747572282,1747572282,homies_1483369
997119758,997119758,lina_mkhitaryan
416016409,416016409,cargo_kult
3615535491,3615535491,nanikobadzgaradze
560961720,560961720,arinaharius
1421354459,1421354459,anniett__
1066054781,1066054781,lonecowboy3
360685310,360685310,e.elunna
36389600726,36389600726,sulkhanishvili__
3264386694,3264386694,misha.kurdadze
5170830660,5170830660,sopho_wi
55212210,55212210,_pluiedetoiles
2931119036,2931119036,kobalava_mariami
1057023503,1057023503,kesoarveladze
2713612061,2713612061,sofo_kob
2416882009,2416882009,kketdateshidze
1662844581,1662844581,opus_wish
1011504934,1011504934,iamannajojua
55710859446,55710859446,ulanakisska
55657659231,55657659231,go_gigai
4872329260,4872329260,nino_chabradze
2320586871,2320586871,savearsauls
23267609,23267609,granovskiy_
5728547183,5728547183,annbagashvili
4946660956,4946660956,antonandin
569053109,569053109,keti.martiko
4535946641,4535946641,sandrozhuruli
393715611,393715611,anikoactually
4086338662,4086338662,mariamllabadze
6834398714,6834398714,victoriienne
307820087,307820087,moonriis
28695616,28695616,matassi
1263468785,1263468785,vita_koza
2117005251,2117005251,ene_ne__
7904528055,7904528055,__khupe
4303054986,4303054986,pokimaus
5461680727,5461680727,oneeyeddd
4158182578,4158182578,leosokolovsky
4218033303,4218033303,elegia_stereo
1816405146,1816405146,t_a_u_r_u_s___
52602105441,52602105441,elene_qavqav
24728324436,24728324436,dimas_kandibober
1641658040,1641658040,dycua
2057523164,2057523164,loud94
2515829031,2515829031,mariamgetsadzee
5639478504,5639478504,avok_yatsan
427043841,427043841,kashtankaka
1599155434,1599155434,george_grdzelidze
536655641,536655641,lesha_dudosha
1009122637,1009122637,gubeeladze
1599968523,1599968523,natia_benashvili
361906871,361906871,lookinanton
8096641875,8096641875,tatia_shulaia
21757472318,21757472318,ananogogshelidze
5519080516,5519080516,kusochek_dizaynera
27046797403,27046797403,niniatava
7454417330,7454417330,iraklii_chinchaladze
1529328042,1529328042,shebzukhov
4063924229,4063924229,nadelwald365
30623871836,30623871836,brmatchuke
585808394,585808394,f_oxytocin
265288604,265288604,daaridarina
1532336978,1532336978,anaurmary
1009629165,1009629165,adele.vod
15054397,15054397,rezikenia
260349583,260349583,vintageshoptbilissi__
1499808129,1499808129,gimaltdinovaidelia
4845671739,4845671739,mashooo_______
7762325156,7762325156,tamar.abramishvili26
7605997305,7605997305,tatiaguledani0gmail.8932
1480923575,1480923575,shako.gegia
2114368660,2114368660,dnutsubidze
1519855064,1519855064,slow_kick
294401568,294401568,mari.ghviniashvili
50756778499,50756778499,reka_iz_moloka.ph
862946275,862946275,iakhizanishvili
399254058,399254058,egor_sh
33263921361,33263921361,anka_dzotsenidze
8164981071,8164981071,anastasiia.medko
5273338736,5273338736,niloladze
8710432797,8710432797,raptured_r
7275473420,7275473420,kakinsio
1201278237,1201278237,kinkladze_
520989178,520989178,sh1ne_on
16422878808,16422878808,akakidumbadze
48052155481,48052155481,sabakulumbegovi
55024913263,55024913263,liluashnn
1934802146,1934802146,miami_dima17
384632694,384632694,yes.aiji
33090329,33090329,onetrueromah
243301122,243301122,vinnisv
18827949680,18827949680,kislaya.tattoo
13283667034,13283667034,kiiroisupesu
539150015,539150015,mulder_fbi
1657277637,1657277637,o0i.o.0io
475006236,475006236,_ellet
22952177761,22952177761,gamgebeli_t
1939094752,1939094752,nozadzeilia
293181507,293181507,levchenkosem
221724509,221724509,ksena.leo
1637857952,1637857952,mariam.match
236525855,236525855,gugarjoiani
5851944561,5851944561,nnaoi__
338556838,338556838,aninashonia
4364074513,4364074513,katongoukakyuunojutsu
1936849538,1936849538,k3enia_vesennyaya
3620594155,3620594155,meladzetornike
3070116900,3070116900,nanachochia
5749071690,5749071690,iason_196
43861645079,43861645079,khatuna_lazika
1597219301,1597219301,darria_b
3434354255,3434354255,vsyaco
204987940,204987940,holyholymelancholy
1409734187,1409734187,reveurtsisi
567635918,567635918,mne_grusna
13029186348,13029186348,likuna.ab
344919915,344919915,salome__abesadze
180351166,180351166,izmaidar
3921981039,3921981039,tvoy_zema
16908122611,16908122611,shota483
3261511689,3261511689,wushwan
1695313952,1695313952,blackman_69
6976191968,6976191968,no.way.punk
568109683,568109683,rahus
259239729,259239729,yourosennikova
1532114338,1532114338,kch_9
4168451286,4168451286,gvantsakv
475268102,475268102,too_inspired
144477507,144477507,denis_averchenkov
191039383,191039383,imakharadze
25920865438,25920865438,sandro.g8
4554373311,4554373311,jigauri_lika
4092596121,4092596121,aninanina1
53947750022,53947750022,willsonsynnerr
4306617688,4306617688,lizigugenishvili
8513500762,8513500762,maritsetsadze
360662366,360662366,nanukamoves
9228765708,9228765708,na___nex
2285581726,2285581726,ananodiasamidzze
209826186,209826186,zlatovlaska_crystal
5365458327,5365458327,bashir_atreides
253161675,253161675,stalevarova
6830355067,6830355067,katoberoshvili
231843520,231843520,nuccao
2924456640,2924456640,mariam.guraspashvili
5505620092,5505620092,tikogabaidzee
343027928,343027928,theyaremute
1666178770,1666178770,kush666near
40446977,40446977,_khanabeev
2001545518,2001545518,eleniakhalkatsi
272955059,272955059,sanaia.nikoloz
271213321,271213321,vladkgordeev
1419173619,1419173619,basilaialela
3416936027,3416936027,photo_clebanova_lina
205067761,205067761,nadezhda.brick
4141165901,4141165901,sasha_rybkina
2154970796,2154970796,murshow
189486344,189486344,tikhonov_lev
12250713433,12250713433,nastya_and_35mm
222187134,222187134,d_newvi
1163976806,1163976806,z3dsd3ad
1828071077,1828071077,gio_narman
321352478,321352478,kalachch
925295090,925295090,pesnameli
50765787053,50765787053,sosedko.design
14795674333,14795674333,trostinka.kun
448648013,448648013,elizamirrr
1521724535,1521724535,tornikeglurjidze
1335061758,1335061758,merrykittmas
1233937919,1233937919,mariam_nana_jvartava
33148950,33148950,curlbs
5524142380,5524142380,atinati_photography
1955236666,1955236666,dalutsats
2956333909,2956333909,qeqsa
3079096136,3079096136,lika_lemonjava
49212050771,49212050771,ultralyustra_was_here
27974279,27974279,bergmanese
5742994065,5742994065,oto_peikrishvili
907286239,907286239,__mgdrdz__
5912362396,5912362396,anano.chachibaia
427392661,427392661,wererabbid
419116000,419116000,alina_chiffa
2362084783,2362084783,enuqidzeanushki
3164465126,3164465126,burn10110
1634975431,1634975431,lelushka_d
8472625935,8472625935,crimson.serenity
1401287851,1401287851,anna_golikova_
8604818221,8604818221,alaska.laskaart
186284208,186284208,latarianna
1497804766,1497804766,giolanchava
253115661,253115661,a.belyanovskaya
2214582082,2214582082,polykiwi
178982803,178982803,amenmasha
1153501840,1153501840,nympha______
1741053553,1741053553,ninname
803626764,803626764,__maryen___
18081126,18081126,mandarinam
887515139,887515139,chacha_xb
249042461,249042461,harmonycorrine
4553088319,4553088319,dachi.maisuradze
55929211141,55929211141,khatia.mtchedlidze
5441449050,5441449050,nelson___505
338727104,338727104,tlitlitzin
290784999,290784999,nuts.as
569181566,569181566,ananomakharashvili
586285024,586285024,naniko_galuashvili
445437618,445437618,salioasanidze
1541850226,1541850226,mancheees
47891536,47891536,scrtissue
50950530131,50950530131,01.da.design
257729481,257729481,alexeygoncharuk
7989652078,7989652078,ttfruww
14305877758,14305877758,habemus_shalvam
2832559341,2832559341,takotutashvili
298416686,298416686,irinabel_3108
1104431873,1104431873,sopokvariani
205792426,205792426,romanrenton
54053594389,54053594389,ifunotlookin_
7438615678,7438615678,m_shansh
254061795,254061795,cattleya.11
1557610664,1557610664,sandrosiam
844132256,844132256,data_bichashvili
6725979370,6725979370,lincoln_kidia
1123528960,1123528960,kuroi_jukaii
2209670246,2209670246,tatitavdgiridze
35995846,35995846,colormeblooodred
2179360484,2179360484,kiriguya_sk
19331983182,19331983182,anzorgelashvili4
1383304329,1383304329,marigeyt
2434364,2434364,saniday
2238340828,2238340828,vera.pravda
1818537311,1818537311,sonnaya.ri
3112294366,3112294366,otoprangi
225895786,225895786,gardenofedem
1104243788,1104243788,tata_lortkipanidze
1413663422,1413663422,d.tarja
2022105619,2022105619,nuutssy
31589052318,31589052318,levan_oshkhereli
1814549258,1814549258,katozakareishvili_
220839053,220839053,veranarayana
6014140315,6014140315,vasilidolidzedp
192583086,192583086,ninochabradze
326460948,326460948,loonohod
53545781436,53545781436,ananomegr
56050281163,56050281163,bekkha_ss
1930102741,1930102741,mlina9
22079804,22079804,king.of.vice
7282363102,7282363102,alexeyyakushev
1836177200,1836177200,datotigashvili
3918136720,3918136720,_mariamlondaridze_
2358331770,2358331770,sandrosfanpage333
42064380200,42064380200,lanajokh
3273699332,3273699332,tsvetta_
622538867,622538867,dianachachua
5956080837,5956080837,bermanelen_
524360835,524360835,jailway
426349241,426349241,kalyazinad
2001740694,2001740694,my.plants.are.dead
7328606146,7328606146,teo__dia
299067917,299067917,mountain__spirit
3410810231,3410810231,tsibakha
143541309,143541309,vakotab
5903312184,5903312184,keskel_9
2414731735,2414731735,scorpioaaafff
1201220395,1201220395,davidmrksn
6084986806,6084986806,ana__vashakmadze
965068783,965068783,nina.mach
864156138,864156138,anakhh_
1393597652,1393597652,mariamo2004
41425167333,41425167333,young_pepelnitsa
48451587972,48451587972,sweetsinnerboy
42618309,42618309,tornikkek
1941496109,1941496109,g.sheshaberidze
1454294174,1454294174,rgaer0
3153049051,3153049051,64.figures
9038101926,9038101926,h_ham6terrr
214506534,214506534,babijojua
3263395854,3263395854,katchakhidze____
1587304427,1587304427,cat___herine
507677666,507677666,ani_kuprika
4542873129,4542873129,eggbreus
188075382,188075382,gleborez_ch
178171024,178171024,evgenii_gu_
4643411797,4643411797,romanpolenin
328464216,328464216,gettthesewordswrong
2268880732,2268880732,kllthgvrmnt
10304468,10304468,mnvst_
619286930,619286930,marriamjangirashvili
1330846325,1330846325,abra.live
235844642,235844642,ilyakolmanovsky
53311920450,53311920450,robert_finfin
708774844,708774844,chihayuschiy
50935078840,50935078840,sulganabuli_bulbuli
196309189,196309189,lizzyyyp
42298944486,42298944486,data.lens
3015731527,3015731527,iraklikatsadze
26794760,26794760,p3n90
6933205952,6933205952,liza.amanatidi
279803851,279803851,sofiakelsky
8143869936,8143869936,meehonearth
5078269201,5078269201,giko.dadiani
1431719220,1431719220,http.chabo
5634830900,5634830900,analotuashvili
5995656784,5995656784,zuzghna.raw
24889615861,24889615861,aloe_clumsy_jewellery
1474746077,1474746077,alen_keit
45789062907,45789062907,valerian_iakubovski
220185827,220185827,kakaoshko
655260146,655260146,firs5
4042072225,4042072225,bulashviliana
317582797,317582797,jabidze_
34839903,34839903,kostasmanana
215863792,215863792,yarosslove
49277336815,49277336815,bachoqartsivadze
48391371285,48391371285,moaneesidrishhi
56752153483,56752153483,films_tbilisi
4713105702,4713105702,indigo_creator
576245891,576245891,anevliona
3112450403,3112450403,sophophi
508248288,508248288,nini_sakvarelidze
356283919,356283919,mienekiene
1750940960,1750940960,ekke__
4065805799,4065805799,saint___sa
259477292,259477292,alexey_yunoshev
762267125,762267125,ananochelidzeee
52576718581,52576718581,takosukhiashviliii
309147258,309147258,gioc911
1550267402,1550267402,katya.aleksander
1508198630,1508198630,torri_rouge
258688203,258688203,art_tourio
19791161,19791161,marya.dremlyuk
402850574,402850574,st9ler
3524287559,3524287559,anichka_aghladze
1509014020,1509014020,msch.tv
28504809564,28504809564,demetrashvililasha
1533021925,1533021925,magdugogo
2275377769,2275377769,codrinker
1291264107,1291264107,andromedd
400919245,400919245,mgvazava
49256543965,49256543965,lllaalall1137
3289669749,3289669749,melikidzeani
1668525322,1668525322,samoutverzhdenie
3644255655,3644255655,nikatomson
184791241,184791241,merry_go__round
506755932,506755932,kodichev
344340976,344340976,winter.vika
7411958578,7411958578,nnbbkhd
13274490979,13274490979,denis.brezhnev
32512772823,32512772823,fernwehige_l
144906136,144906136,stylistic_errors
46996293318,46996293318,ztsvdn
910581580,910581580,archilnergadze_photo
3914327430,3914327430,saladxxdays
48245638097,48245638097,photo_tyt_by
2263052278,2263052278,le.qorqia
406636446,406636446,maoo.noo
1671132023,1671132023,daria.malakhova
2044446296,2044446296,junglistboy_
936167743,936167743,sophio_lomashvili
518879105,518879105,llinques
1659870536,1659870536,levansikh
216242918,216242918,utsotseria
4703456230,4703456230,iskkorkin
991607466,991607466,ifulookin_
3264413372,3264413372,sainetram
483358570,483358570,katerinia_me
16985103947,16985103947,ioane_didebashvili
1518852855,1518852855,__annius__
1796361752,1796361752,annnarev
51212762338,51212762338,kaci.abragi
6314260502,6314260502,indygorokhova
51299029235,51299029235,sandroshotae
242897836,242897836,lyre33
353432533,353432533,anyasuperklass
1373076508,1373076508,infinity_fire_
6798394345,6798394345,nikakicuna
418511738,418511738,avenaki
3645862290,3645862290,mtamtagulordava
193835612,193835612,kidlryvatsv
7058156,7058156,omar_gelashvili
1387464008,1387464008,thesickmonkey
2237540449,2237540449,windasmax
1358924042,1358924042,rurual
1509457621,1509457621,nickthesickdick
1646067887,1646067887,tanya.shtatnykh
444960206,444960206,kupimadamu
36569865654,36569865654,limit.ph_
22245826036,22245826036,charge_ph
3101989588,3101989588,zura.mchedlishvili88
445947090,445947090,ivanbaskov
260596925,260596925,dmitrydyudin
4359547606,4359547606,summersou1
232655003,232655003,1geva23
32802967240,32802967240,burist_ka
214463261,214463261,khaostoff
32333444,32333444,polzovatel1111
6830485362,6830485362,pizzalinaa_
9187191764,9187191764,ksozhaleniyu_
10733437313,10733437313,_annalabadze_
902920039,902920039,makka.alania
485764269,485764269,d0mestic
290690196,290690196,andrey_dubinin
2256095706,2256095706,choppedfoxcrusade
2055285218,2055285218,andreychapygin
26923167,26923167,doprokofyev
6935548329,6935548329,tsereteli__nino
31821341143,31821341143,adamcapephotography
9278070,9278070,giokostava
1254172416,1254172416,sophiebokser
2213425102,2213425102,mr.miskeens
716974055,716974055,wntrrinjuly
1554319446,1554319446,get.frisson
2329386367,2329386367,dimitrykarol
1552411405,1552411405,vote4satan
3055315906,3055315906,leria__koles
703261332,703261332,lusia_ustala_pereyezzhat
5912959119,5912959119,ninja166
5799936400,5799936400,dariaonmaria
39525501493,39525501493,rabbit_the_wise
280807076,280807076,vb1110001
187633268,187633268,sbtk_radio
4431694753,4431694753,junkey_monkey
3922116877,3922116877,annikoann
635030459,635030459,ddvornikov
525535288,525535288,petr_ladanov
54381806121,54381806121,35mmkitchen
2886013517,2886013517,patsatsia_nino
596960175,596960175,sandro_kall
2998985596,2998985596,pachramiejeu
1394032893,1394032893,vitalina.dubi
21277391130,21277391130,lune.de.fiel
54486957504,54486957504,studiovision.tbilisi
4529065170,4529065170,mtchdlr
4952421311,4952421311,angela_khoptyuk
1202155411,1202155411,analogue.enjoyer
1527912994,1527912994,ivisychev
5712188868,5712188868,vera.shand.art
3969875530,3969875530,pennermariia
3233199614,3233199614,eilifirn
52421805764,52421805764,ckakyoin
609545842,609545842,gi.mansky
28390984170,28390984170,spodanev1
45748371423,45748371423,ohtshi
